--
-- Script was generated by Devart dbForge Studio for MySQL, Version 9.2.105.0
-- Product home page: http://www.devart.com/dbforge/mysql/studio
-- Script date 2024.05.21 16:03:46
-- Server version: 10.4.28
-- Client version: 4.1
--

-- 
-- Disable foreign keys
-- 
/*!40014 SET @OLD_FOREIGN_KEY_CHECKS=@@FOREIGN_KEY_CHECKS, FOREIGN_KEY_CHECKS=0 */;

-- 
-- Set SQL mode
-- 
/*!40101 SET @OLD_SQL_MODE=@@SQL_MODE, SQL_MODE='NO_AUTO_VALUE_ON_ZERO' */;

-- 
-- Set character set the client will use to send SQL statements to the server
--
SET NAMES 'utf8';

DROP DATABASE IF EXISTS car_rental;

CREATE DATABASE car_rental
CHARACTER SET utf8mb4
COLLATE utf8mb4_general_ci;

--
-- Set default database
--
USE car_rental;

--
-- Create table `users`
--
CREATE TABLE users (
  id bigint(20) UNSIGNED NOT NULL AUTO_INCREMENT,
  name varchar(255) NOT NULL,
  email varchar(255) NOT NULL,
  email_verified_at timestamp NULL DEFAULT NULL,
  password varchar(255) NOT NULL,
  is_admin tinyint(1) NOT NULL DEFAULT 0,
  remember_token varchar(100) DEFAULT NULL,
  created_at timestamp NULL DEFAULT NULL,
  updated_at timestamp NULL DEFAULT NULL,
  PRIMARY KEY (id)
)
ENGINE = INNODB,
AUTO_INCREMENT = 4,
AVG_ROW_LENGTH = 5461,
CHARACTER SET utf8mb4,
COLLATE utf8mb4_unicode_ci,
ROW_FORMAT = DYNAMIC;

--
-- Create index `users_email_unique` on table `users`
--
ALTER TABLE users
ADD UNIQUE INDEX users_email_unique (email);

--
-- Create table `cars`
--
CREATE TABLE cars (
  id int(11) NOT NULL AUTO_INCREMENT,
  plate_number varchar(50) NOT NULL,
  owner varchar(50) NOT NULL,
  model varchar(50) NOT NULL,
  make varchar(50) NOT NULL,
  performance int(11) NOT NULL,
  PRIMARY KEY (id),
  UNIQUE INDEX UK_cars_id (id)
)
ENGINE = INNODB,
AUTO_INCREMENT = 105,
AVG_ROW_LENGTH = 655,
CHARACTER SET utf8mb4,
COLLATE utf8mb4_general_ci,
ROW_FORMAT = DYNAMIC;

--
-- Create table `rentals`
--
CREATE TABLE rentals (
  id int(11) NOT NULL AUTO_INCREMENT,
  car_id int(11) DEFAULT NULL,
  start_date date DEFAULT NULL,
  end_date date DEFAULT NULL,
  user_id bigint(20) UNSIGNED DEFAULT NULL,
  PRIMARY KEY (id)
)
ENGINE = INNODB,
AUTO_INCREMENT = 1007,
AVG_ROW_LENGTH = 67,
CHARACTER SET utf8mb4,
COLLATE utf8mb4_general_ci,
ROW_FORMAT = DYNAMIC;

--
-- Create foreign key
--
ALTER TABLE rentals
ADD CONSTRAINT FK_rentals_car_id2 FOREIGN KEY (car_id)
REFERENCES cars (id) ON DELETE CASCADE;

--
-- Create foreign key
--
ALTER TABLE rentals
ADD CONSTRAINT FK_rentals_user_id FOREIGN KEY (user_id)
REFERENCES users (id) ON DELETE CASCADE;

--
-- Create table `personal_access_tokens`
--
CREATE TABLE personal_access_tokens (
  id bigint(20) UNSIGNED NOT NULL AUTO_INCREMENT,
  tokenable_type varchar(255) NOT NULL,
  tokenable_id bigint(20) UNSIGNED NOT NULL,
  name varchar(255) NOT NULL,
  token varchar(64) NOT NULL,
  abilities text DEFAULT NULL,
  last_used_at timestamp NULL DEFAULT NULL,
  expires_at timestamp NULL DEFAULT NULL,
  created_at timestamp NULL DEFAULT NULL,
  updated_at timestamp NULL DEFAULT NULL,
  PRIMARY KEY (id)
)
ENGINE = INNODB,
AUTO_INCREMENT = 8,
AVG_ROW_LENGTH = 3276,
CHARACTER SET utf8mb4,
COLLATE utf8mb4_unicode_ci,
ROW_FORMAT = DYNAMIC;

--
-- Create index `personal_access_tokens_token_unique` on table `personal_access_tokens`
--
ALTER TABLE personal_access_tokens
ADD UNIQUE INDEX personal_access_tokens_token_unique (token);

--
-- Create index `personal_access_tokens_tokenable_type_tokenable_id_index` on table `personal_access_tokens`
--
ALTER TABLE personal_access_tokens
ADD INDEX personal_access_tokens_tokenable_type_tokenable_id_index (tokenable_type, tokenable_id);

--
-- Create table `password_reset_tokens`
--
CREATE TABLE password_reset_tokens (
  email varchar(255) NOT NULL,
  token varchar(255) NOT NULL,
  created_at timestamp NULL DEFAULT NULL,
  PRIMARY KEY (email)
)
ENGINE = INNODB,
CHARACTER SET utf8mb4,
COLLATE utf8mb4_unicode_ci,
ROW_FORMAT = DYNAMIC;

--
-- Create table `migrations`
--
CREATE TABLE migrations (
  id int(10) UNSIGNED NOT NULL AUTO_INCREMENT,
  migration varchar(255) NOT NULL,
  batch int(11) NOT NULL,
  PRIMARY KEY (id)
)
ENGINE = INNODB,
AUTO_INCREMENT = 5,
AVG_ROW_LENGTH = 4096,
CHARACTER SET utf8mb4,
COLLATE utf8mb4_unicode_ci,
ROW_FORMAT = DYNAMIC;

--
-- Create table `failed_jobs`
--
CREATE TABLE failed_jobs (
  id bigint(20) UNSIGNED NOT NULL AUTO_INCREMENT,
  uuid varchar(255) NOT NULL,
  `connection` text NOT NULL,
  queue text NOT NULL,
  payload longtext NOT NULL,
  exception longtext NOT NULL,
  failed_at timestamp NOT NULL DEFAULT CURRENT_TIMESTAMP(),
  PRIMARY KEY (id)
)
ENGINE = INNODB,
CHARACTER SET utf8mb4,
COLLATE utf8mb4_unicode_ci,
ROW_FORMAT = DYNAMIC;

--
-- Create index `failed_jobs_uuid_unique` on table `failed_jobs`
--
ALTER TABLE failed_jobs
ADD UNIQUE INDEX failed_jobs_uuid_unique (uuid);

-- 
-- Dumping data for table users
--
INSERT INTO users VALUES
(1, 'Gipsz Jakab', 'gipsy@gmail.com', NULL, '$2y$10$rZKTrKXa80/7bwArWYEffe.O/yAJ9qUBJnKvWt7F7jjPh84XwmfQO', 0, NULL, '2024-05-14 14:01:19', '2024-05-14 14:01:19'),
(2, 'Makk Márton', 'makkmarci@gmail.com', NULL, '$2y$10$GhHmhNuH3u2BMcMMEJgBx.klpHSOq029zPG5TkKJUo.Qs3H9IDKUO', 1, '1', '2024-05-14 14:56:25', '2024-05-14 14:56:25'),
(3, 'Szem Eszter', 'esztike@gmail.com', NULL, '$2y$10$cIgZFp61zEqRwkDDhlbebegI0a.YfPvYcwmgpNDXo02Bszh.egsr6', 0, NULL, '2024-05-21 13:58:23', '2024-05-21 13:58:23');

-- 
-- Dumping data for table cars
--
INSERT INTO cars VALUES
(2, 'OI-YT-313', 'Jorge Gilbride', 'Galant', 'Mitsubishi', 162),
(3, 'RH-RD-312', 'Faustina Gostridge', 'Thunderbird', 'Ford', 81),
(4, 'LV-KD-083', 'Vincents Danelet', 'Elantra', 'Hyundai', 68),
(5, 'IU-TV-317', 'Zacharie Water', 'G6', 'Pontiac', 126),
(6, 'EM-LH-748', 'Bordy Rodder', 'Sunbird', 'Pontiac', 317),
(7, 'OF-YF-189', 'Susanne Torritti', 'CX', 'Citroën', 451),
(8, 'BB-IL-773', 'Bendite Brown', 'G-Class', 'Mercedes-Benz', 381),
(9, 'NX-PD-530', 'Fenelia Geydon', 'Frontier', 'Nissan', 387),
(11, 'CU-FF-983', 'Philipa Tribbeck', 'Galant', 'Mitsubishi', 277),
(12, 'SI-ZE-871', 'Osborne Colloff', 'Nuova 500', 'Fiat', 336),
(13, 'KH-YJ-988', 'Mandi Camp', 'Stratus', 'Dodge', 467),
(14, 'GA-SS-854', 'Jolynn Pasque', 'Suburban 2500', 'Chevrolet', 252),
(15, 'OK-IV-875', 'Linnet Wadham', 'Bronco II', 'Ford', 195),
(16, 'OL-FD-372', 'Burlie Rubega', 'Altima', 'Nissan', 72),
(17, 'SG-QN-201', 'Linnet Brodhead', 'Talon', 'Eagle', 303),
(18, 'NH-PU-085', 'Goddart Klimkiewich', 'Impala', 'Chevrolet', 371),
(19, 'TF-RQ-215', 'Carlynne Kiessel', 'C-Class', 'Mercedes-Benz', 279),
(20, 'II-BV-735', 'Lindsay Rushbrooke', '3 Series', 'BMW', 83),
(21, 'BU-XL-004', 'Maryann Mouncey', 'Mirage', 'Mitsubishi', 448),
(22, 'IJ-ON-259', 'Darwin Byfield', 'Esprit Turbo', 'Lotus', 284),
(23, 'ZJ-TL-521', 'Albertine Brunetti', 'GTO', 'Pontiac', 209),
(24, 'YK-MX-781', 'Allissa Milkin', 'W201', 'Mercedes-Benz', 156),
(25, 'LM-KT-317', 'Carly Metzig', 'S80', 'Volvo', 131),
(26, 'NX-ZK-231', 'Ellis Retchford', 'Rapide', 'Aston Martin', 393),
(27, 'WM-RL-180', 'Marten Libbe', 'Thunderbird', 'Ford', 382),
(28, 'RN-HP-320', 'Brocky Avramov', 'DeVille', 'Cadillac', 397),
(29, 'FD-EG-114', 'Mort Lipmann', 'Camry', 'Toyota', 451),
(30, 'IW-UB-956', 'Antoine Bickerstaffe', 'Alliance', 'Renault', 402),
(31, 'YO-NM-026', 'Eddie Nussen', 'Corvette', 'Chevrolet', 131),
(32, 'JJ-NK-199', 'Therese Folke', 'Commander', 'Jeep', 481),
(33, 'WF-BB-747', 'Mitchel McCard', '3000GT', 'Mitsubishi', 132),
(34, 'MD-BD-975', 'Millard Greensmith', 'Suburban 2500', 'Chevrolet', 455),
(35, 'ZS-OU-180', 'Lemmie Friman', 'Forte', 'Kia', 487),
(36, 'MF-FB-495', 'Stevena Tuxill', 'Park Avenue', 'Buick', 103),
(37, 'GE-DC-676', 'Giff Dufour', 'Silverado 2500', 'Chevrolet', 147),
(38, 'WB-RI-219', 'Chere Vedikhov', 'Diamante', 'Mitsubishi', 103),
(39, 'QN-XN-545', 'Em Hawgood', 'Grand Prix', 'Pontiac', 209),
(40, 'BG-FM-247', 'Tisha Kynoch', 'Seville', 'Cadillac', 214),
(41, 'HM-KN-353', 'Kattie Orth', 'Land Cruiser', 'Toyota', 227),
(42, 'AR-VG-396', 'Ninnette Daffern', 'Trooper', 'Isuzu', 436),
(43, 'CX-TA-102', 'Emlen Antrobus', 'Altima', 'Nissan', 320),
(44, 'NY-FR-659', 'Rafaelita Lodwick', 'Firebird', 'Pontiac', 112),
(45, 'PJ-VK-470', 'Kent Musico', 'B-Series Plus', 'Mazda', 224),
(46, 'YZ-HH-118', 'Arabela McComb', 'Escalade', 'Cadillac', 87),
(47, 'FC-LR-492', 'Tybie Emig', '90', 'Audi', 138),
(48, 'SZ-ZY-471', 'Cinda Greenwood', 'M3', 'BMW', 63),
(49, 'DV-WI-339', 'Carmina Matusovsky', 'Elise', 'Lotus', 451),
(50, 'FO-AV-897', 'Rosella Fresson', 'S-Type', 'Jaguar', 323),
(51, 'SQ-OY-659', 'Gerty Franzel', 'Carrera GT', 'Porsche', 130),
(52, 'EC-OQ-187', 'Pebrook Balsillie', 'Pajero', 'Mitsubishi', 451),
(53, 'YH-FP-185', 'Con Scorer', 'Outlook', 'Saturn', 306),
(54, 'VD-OU-827', 'Sophia Chipchase', 'Focus', 'Ford', 478),
(55, 'VY-ZF-362', 'Everard Yair', 'Galant', 'Mitsubishi', 314),
(56, 'HL-MZ-054', 'Berkly Christofides', 'Lancer', 'Mitsubishi', 413),
(57, 'FJ-OP-164', 'Ephraim Spratling', 'F150', 'Ford', 324),
(58, 'QL-VA-821', 'Abey Yakobovitz', 'Ram Van 1500', 'Dodge', 336),
(59, 'RS-PU-828', 'Allan Bartaloni', 'Lanos', 'Daewoo', 255),
(60, 'GM-VE-060', 'Odella McEniry', 'Camaro', 'Chevrolet', 419),
(61, 'GF-BW-646', 'Randolph Siuda', 'Sable', 'Mercury', 305),
(62, 'NR-LB-773', 'Berti Habert', 'i-MiEV', 'Mitsubishi', 485),
(63, 'XE-UD-942', 'Byran Zanioletti', 'MKS', 'Lincoln', 490),
(64, 'HL-PC-598', 'Jarrad Wadeling', '960', 'Volvo', 125),
(65, 'EP-QO-731', 'Jackie Feacham', 'Mighty Max', 'Mitsubishi', 308),
(66, 'IU-QE-490', 'Julian Burberye', '57', 'Maybach', 273),
(67, 'JK-CY-170', 'Gare Crayden', 'Impala', 'Chevrolet', 141),
(68, 'DG-TD-996', 'Glory Osment', 'Navigator', 'Lincoln', 337),
(69, 'VO-JX-893', 'Dene Houson', 'M-Class', 'Mercedes-Benz', 368),
(70, 'GY-BU-883', 'Trescha Doree', 'Karif', 'Maserati', 196),
(71, 'MH-RG-633', 'Gabriella Andretti', 'A6', 'Audi', 379),
(72, 'ZM-CX-930', 'Meriel Snedden', 'Sable', 'Mercury', 344),
(73, 'JM-EU-124', 'Fey Nern', 'Civic', 'Honda', 220),
(74, 'KP-CX-272', 'Aubrie Strutton', 'Corvette', 'Chevrolet', 158),
(75, 'WL-GG-673', 'Dell Schneidau', 'Cobalt', 'Chevrolet', 310),
(76, 'GC-OZ-232', 'Iosep Anthoin', 'Esprit', 'Lotus', 133),
(77, 'JW-BJ-209', 'Krysta Figure', 'Gemini', 'Pontiac', 380),
(78, 'ET-TC-362', 'Rosetta Sancraft', 'Cutlass Supreme', 'Oldsmobile', 58),
(79, 'YV-WA-646', 'Skippie Middis', 'Xterra', 'Nissan', 495),
(80, 'TU-BX-423', 'Yettie Lorence', 'Navigator L', 'Lincoln', 458),
(81, 'HD-JP-154', 'Cyndie Edelmann', 'Cayenne', 'Porsche', 400),
(82, 'IU-DH-194', 'Barbe Proven', 'Viper', 'Dodge', 357),
(83, 'CY-OE-710', 'Shirl Brecknell', 'Scoupe', 'Hyundai', 197),
(84, 'DH-OP-631', 'Inness Litchfield', 'Escalade ESV', 'Cadillac', 71),
(85, 'NY-XT-276', 'Filbert Fergie', 'MX-5', 'Mazda', 400),
(86, 'NA-RF-706', 'Kristel Menci', 'T100', 'Toyota', 384),
(87, 'JL-ZM-086', 'Federico Riddich', 'Rodeo', 'Isuzu', 463),
(88, 'AW-LV-808', 'Pace Karlsson', 'Cherokee', 'Jeep', 86),
(89, 'OB-TC-761', 'Janey Wigsell', 'SL-Class', 'Mercedes-Benz', 153),
(90, 'GN-IC-253', 'Honey Laytham', 'Ram Van B150', 'Dodge', 177),
(91, 'YD-HH-971', 'Broderick Lording', 'Carrera GT', 'Porsche', 102),
(92, 'TY-BY-062', 'Astra Peck', 'Grand Vitara', 'Suzuki', 292),
(93, 'GR-BR-259', 'Desmond Serginson', 'GX', 'Lexus', 477),
(94, 'BW-CE-272', 'Harper Sings', 'XL7', 'Suzuki', 71),
(95, 'JD-MW-076', 'Ramsey Quarlis', 'Impreza', 'Subaru', 280),
(96, 'XJ-ZR-826', 'Amanda Pearmine', 'Boxster', 'Porsche', 402),
(97, 'FC-LG-621', 'Tabbatha Hevner', 'Escape', 'Ford', 324),
(98, 'RB-YU-962', 'Hanni Verissimo', 'Express 2500', 'Chevrolet', 294),
(99, 'GZ-GW-995', 'Verena Sarfas', 'Escort', 'Ford', 161),
(100, 'BB-WC-598', 'Trixi Coppens', 'MX-5', 'Mazda', 291),
(103, 'AA-BB-123', 'Kala Pál', 'Octavia RS', 'Skoda', 321),
(104, 'AX-BB-123', 'Bárki Bátor', 'Octavia', 'Skoda', 123);

-- 
-- Dumping data for table rentals
--
INSERT INTO rentals VALUES
(1, 84, '2023-05-08', '2024-01-30', NULL),
(2, 93, '2023-05-08', '2024-01-03', NULL),
(3, 76, '2023-05-11', '2024-04-01', NULL),
(4, 77, '2023-05-11', '2024-02-26', NULL),
(5, 82, '2023-05-07', '2024-04-13', NULL),
(6, 80, '2023-05-08', '2024-02-24', NULL),
(7, 84, '2023-05-07', '2024-01-01', NULL),
(8, 89, '2023-05-10', '2024-02-10', NULL),
(9, 54, '2023-05-07', '2024-01-12', NULL),
(10, 46, '2023-05-10', '2024-01-12', NULL),
(11, 57, '2023-05-09', '2024-04-21', NULL),
(12, 73, '2023-05-10', '2024-04-21', NULL),
(13, 14, '2023-05-11', '2024-02-29', NULL),
(14, 49, '2023-05-11', '2024-04-12', NULL),
(15, 48, '2023-05-11', '2024-04-03', NULL),
(16, 81, '2023-05-11', '2024-01-30', NULL),
(17, 95, '2023-05-10', '2024-05-04', NULL),
(18, 100, '2023-05-07', '2024-03-03', NULL),
(19, 80, '2023-05-08', '2024-02-28', NULL),
(20, 82, '2023-05-10', '2024-04-24', NULL),
(21, 86, '2023-05-07', '2024-02-16', NULL),
(22, 4, '2023-05-09', '2024-01-06', NULL),
(23, 75, '2023-05-08', '2024-05-02', NULL),
(24, 72, '2023-05-10', '2024-03-29', NULL),
(25, 45, '2023-05-10', '2024-02-21', NULL),
(26, 84, '2023-05-10', '2024-03-24', NULL),
(27, 28, '2023-05-09', '2024-01-15', NULL),
(28, 6, '2023-05-07', '2024-04-13', NULL),
(29, 30, '2023-05-07', '2024-03-01', NULL),
(30, 88, '2023-05-07', '2024-03-28', NULL),
(31, 22, '2023-05-09', '2024-05-03', NULL),
(32, 69, '2023-05-10', '2024-01-06', NULL),
(33, 72, '2023-05-07', '2024-03-26', NULL),
(34, 86, '2023-05-09', '2024-01-17', NULL),
(35, 68, '2023-05-11', '2024-02-03', NULL),
(36, 36, '2023-05-11', '2024-01-27', NULL),
(37, 16, '2023-05-07', '2024-03-06', NULL),
(38, 94, '2023-05-11', '2024-01-02', NULL),
(39, 99, '2023-05-08', '2024-05-06', NULL),
(40, 25, '2023-05-08', '2024-02-26', NULL),
(42, 88, '2023-05-09', '2024-01-11', NULL),
(43, 39, '2023-05-07', '2024-02-06', NULL),
(44, 93, '2023-05-09', '2024-04-02', NULL),
(45, 82, '2023-05-08', '2024-02-06', NULL),
(47, 99, '2023-05-07', '2024-05-05', NULL),
(48, 11, '2023-05-10', '2024-02-07', NULL),
(49, 39, '2023-05-07', '2024-02-09', NULL),
(50, 75, '2023-05-10', '2024-02-01', NULL),
(51, 83, '2023-05-09', '2024-03-09', NULL),
(52, 23, '2023-05-09', '2024-01-30', NULL),
(53, 29, '2023-05-09', '2024-01-23', NULL),
(54, 61, '2023-05-10', '2024-02-12', NULL),
(55, 54, '2023-05-09', '2024-01-20', NULL),
(56, 95, '2023-05-11', '2024-03-09', NULL),
(57, 44, '2023-05-07', '2024-01-14', NULL),
(58, 50, '2023-05-08', '2024-02-20', NULL),
(59, 59, '2023-05-09', '2024-03-30', NULL),
(60, 25, '2023-05-07', '2024-03-05', NULL),
(61, 64, '2023-05-11', '2024-02-27', NULL),
(62, 17, '2023-05-08', '2024-01-30', NULL),
(63, 30, '2023-05-10', '2024-02-15', NULL),
(64, 49, '2023-05-09', '2024-02-06', NULL),
(65, 73, '2023-05-07', '2024-04-21', NULL),
(66, 75, '2023-05-09', '2024-04-18', NULL),
(67, 11, '2023-05-11', '2024-04-17', NULL),
(68, 85, '2023-05-07', '2024-02-11', NULL),
(69, 92, '2023-05-07', '2024-04-03', NULL),
(70, 61, '2023-05-11', '2024-04-19', NULL),
(71, 96, '2023-05-10', '2024-03-03', NULL),
(72, 17, '2023-05-09', '2024-01-18', NULL),
(73, 6, '2023-05-09', '2024-03-28', NULL),
(74, 91, '2023-05-10', '2024-04-15', NULL),
(75, 4, '2023-05-10', '2024-03-29', NULL),
(76, 33, '2023-05-11', '2024-04-27', NULL),
(77, 21, '2023-05-07', '2024-02-28', NULL),
(78, 7, '2023-05-10', '2024-04-18', NULL),
(79, 73, '2023-05-11', '2024-04-29', NULL),
(80, 91, '2023-05-10', '2024-03-24', NULL),
(81, 63, '2023-05-09', '2024-03-29', NULL),
(82, 35, '2023-05-10', '2024-01-14', NULL),
(83, 65, '2023-05-11', '2024-01-14', NULL),
(84, 94, '2023-05-08', '2024-03-24', NULL),
(85, 90, '2023-05-07', '2024-03-17', NULL),
(86, 28, '2023-05-11', '2024-01-18', NULL),
(87, 83, '2023-05-09', '2024-02-06', NULL),
(88, 69, '2023-05-10', '2024-01-17', NULL),
(89, 9, '2023-05-09', '2024-01-31', NULL),
(90, 27, '2023-05-11', '2024-02-07', NULL),
(92, 68, '2023-05-11', '2024-04-04', NULL),
(93, 54, '2023-05-07', '2024-02-24', NULL),
(94, 8, '2023-05-07', '2024-03-13', NULL),
(95, 4, '2023-05-08', '2024-04-14', NULL),
(96, 16, '2023-05-09', '2024-04-13', NULL),
(97, 15, '2023-05-07', '2024-04-18', NULL),
(98, 64, '2023-05-09', '2024-01-03', NULL),
(99, 35, '2023-05-11', '2024-04-17', NULL),
(100, 60, '2023-05-10', '2024-04-04', NULL),
(101, 35, '2023-05-10', '2024-03-25', NULL),
(102, 9, '2023-05-08', '2024-02-01', NULL),
(103, 92, '2023-05-09', '2024-02-19', NULL),
(104, 71, '2023-05-09', '2024-03-15', NULL),
(105, 82, '2023-05-11', '2024-03-09', NULL),
(106, 51, '2023-05-11', '2024-01-21', NULL),
(108, 88, '2023-05-09', '2024-02-10', NULL),
(109, 31, '2023-05-07', '2024-02-11', NULL),
(110, 78, '2023-05-10', '2024-01-30', NULL),
(112, 2, '2023-05-07', '2024-01-11', NULL),
(113, 17, '2023-05-08', '2024-04-16', NULL),
(114, 96, '2023-05-09', '2024-03-25', NULL),
(115, 51, '2023-05-09', '2024-04-11', NULL),
(116, 5, '2023-05-09', '2024-03-08', NULL),
(117, 16, '2023-05-07', '2024-05-06', NULL),
(118, 7, '2023-05-09', '2024-02-20', NULL),
(119, 55, '2023-05-08', '2024-02-01', NULL),
(120, 24, '2023-05-07', '2024-04-23', NULL),
(121, 43, '2023-05-11', '2024-02-25', NULL),
(122, 13, '2023-05-11', '2024-02-29', NULL),
(123, 85, '2023-05-09', '2024-04-05', NULL),
(124, 18, '2023-05-10', '2024-04-13', NULL),
(125, 97, '2023-05-09', '2024-03-31', NULL),
(126, 26, '2023-05-11', '2024-03-29', NULL),
(127, 33, '2023-05-08', '2024-04-30', NULL),
(128, 72, '2023-05-11', '2024-03-17', NULL),
(129, 75, '2023-05-11', '2024-02-27', NULL),
(130, 46, '2023-05-09', '2024-04-13', NULL),
(131, 58, '2023-05-07', '2024-01-08', NULL),
(132, 30, '2023-05-08', '2024-04-16', NULL),
(133, 61, '2023-05-09', '2024-04-03', NULL),
(134, 29, '2023-05-09', '2024-05-02', NULL),
(135, 45, '2023-05-08', '2024-04-10', NULL),
(136, 96, '2023-05-08', '2024-01-25', NULL),
(137, 67, '2023-05-09', '2024-01-22', NULL),
(138, 21, '2023-05-08', '2024-04-09', NULL),
(139, 71, '2023-05-09', '2024-02-13', NULL),
(140, 63, '2023-05-09', '2024-04-14', NULL),
(141, 80, '2023-05-08', '2024-02-07', NULL),
(142, 59, '2023-05-09', '2024-02-27', NULL),
(143, 49, '2023-05-11', '2024-03-08', NULL),
(144, 62, '2023-05-09', '2024-02-21', NULL),
(145, 17, '2023-05-10', '2024-02-13', NULL),
(146, 52, '2023-05-10', '2024-02-03', NULL),
(147, 41, '2023-05-08', '2024-02-11', NULL),
(148, 43, '2023-05-08', '2024-03-09', NULL),
(149, 98, '2023-05-07', '2024-01-18', NULL),
(150, 99, '2023-05-08', '2024-03-19', NULL),
(151, 55, '2023-05-11', '2024-03-24', NULL),
(153, 80, '2023-05-08', '2024-01-26', NULL),
(154, 21, '2023-05-11', '2024-02-22', NULL),
(155, 30, '2023-05-07', '2024-04-19', NULL),
(156, 23, '2023-05-11', '2024-03-01', NULL),
(157, 32, '2023-05-10', '2024-02-07', NULL),
(158, 21, '2023-05-11', '2024-01-07', NULL),
(159, 2, '2023-05-10', '2024-02-05', NULL),
(160, 39, '2023-05-11', '2024-03-13', NULL),
(161, 50, '2023-05-11', '2024-01-22', NULL),
(162, 99, '2023-05-07', '2024-04-03', NULL),
(163, 33, '2023-05-08', '2024-01-07', NULL),
(164, 44, '2023-05-08', '2024-02-19', NULL),
(165, 36, '2023-05-11', '2024-01-18', NULL),
(166, 26, '2023-05-10', '2024-02-15', NULL),
(167, 15, '2023-05-11', '2024-03-08', NULL),
(168, 11, '2023-05-11', '2024-05-05', NULL),
(169, 6, '2023-05-07', '2024-03-21', NULL),
(170, 9, '2023-05-07', '2024-03-18', NULL),
(171, 16, '2023-05-09', '2024-02-18', NULL),
(172, 32, '2023-05-07', '2024-02-26', NULL),
(173, 54, '2023-05-08', '2024-02-28', NULL),
(174, 91, '2023-05-09', '2024-01-12', NULL),
(175, 88, '2023-05-08', '2024-01-21', NULL),
(176, 44, '2023-05-09', '2024-02-20', NULL),
(177, 53, '2023-05-08', '2024-04-24', NULL),
(178, 75, '2023-05-07', '2024-03-29', NULL),
(179, 76, '2023-05-08', '2024-04-17', NULL),
(180, 88, '2023-05-11', '2024-02-22', NULL),
(181, 68, '2023-05-10', '2024-03-14', NULL),
(182, 96, '2023-05-08', '2024-05-03', NULL),
(183, 77, '2023-05-11', '2024-03-13', NULL),
(184, 67, '2023-05-09', '2024-01-06', NULL),
(185, 8, '2023-05-08', '2024-02-12', NULL),
(186, 31, '2023-05-10', '2024-04-06', NULL),
(187, 68, '2023-05-09', '2024-01-14', NULL),
(188, 31, '2023-05-09', '2024-01-19', NULL),
(189, 38, '2023-05-11', '2024-03-24', NULL),
(190, 50, '2023-05-07', '2024-04-04', NULL),
(191, 70, '2023-05-09', '2024-05-04', NULL),
(192, 22, '2023-05-10', '2024-03-25', NULL),
(193, 28, '2023-05-10', '2024-04-01', NULL),
(194, 25, '2023-05-10', '2024-01-22', NULL),
(195, 14, '2023-05-07', '2024-02-05', NULL),
(196, 48, '2023-05-08', '2024-02-03', NULL),
(197, 90, '2023-05-11', '2024-01-27', NULL),
(198, 99, '2023-05-07', '2024-01-14', NULL),
(199, 80, '2023-05-08', '2024-04-21', NULL),
(200, 2, '2023-05-09', '2024-03-26', NULL),
(201, 22, '2023-05-09', '2024-04-11', NULL),
(202, 15, '2023-05-10', '2024-01-21', NULL),
(203, 57, '2023-05-11', '2024-03-02', NULL),
(204, 29, '2023-05-08', '2024-02-20', NULL),
(205, 15, '2023-05-08', '2024-01-11', NULL),
(206, 13, '2023-05-09', '2024-02-25', NULL),
(207, 29, '2023-05-10', '2024-03-20', NULL),
(208, 82, '2023-05-09', '2024-01-25', NULL),
(209, 58, '2023-05-07', '2024-01-17', NULL),
(210, 81, '2023-05-10', '2024-04-23', NULL),
(211, 71, '2023-05-08', '2024-02-25', NULL),
(212, 84, '2023-05-10', '2024-02-29', NULL),
(213, 32, '2023-05-10', '2024-01-09', NULL),
(214, 8, '2023-05-07', '2024-02-10', NULL),
(215, 47, '2023-05-08', '2024-03-30', NULL),
(216, 41, '2023-05-08', '2024-03-15', NULL),
(217, 53, '2023-05-08', '2024-01-30', NULL),
(218, 90, '2023-05-11', '2024-02-24', NULL),
(219, 50, '2023-05-10', '2024-03-24', NULL),
(220, 15, '2023-05-10', '2024-02-05', NULL),
(221, 42, '2023-05-11', '2024-01-18', NULL),
(222, 26, '2023-05-11', '2024-02-05', NULL),
(223, 77, '2023-05-11', '2024-05-03', NULL),
(224, 47, '2023-05-10', '2024-04-21', NULL),
(225, 81, '2023-05-09', '2024-02-29', NULL),
(226, 67, '2023-05-07', '2024-01-17', NULL),
(227, 85, '2023-05-09', '2024-02-02', NULL),
(228, 20, '2023-05-11', '2024-02-12', NULL),
(229, 54, '2023-05-07', '2024-02-28', NULL),
(230, 23, '2023-05-09', '2024-04-21', NULL),
(231, 89, '2023-05-11', '2024-02-25', NULL),
(232, 12, '2023-05-08', '2024-03-11', NULL),
(233, 13, '2023-05-11', '2024-02-23', NULL),
(234, 47, '2023-05-09', '2024-05-05', NULL),
(235, 57, '2023-05-10', '2024-04-08', NULL),
(236, 66, '2023-05-07', '2024-03-29', NULL),
(237, 40, '2023-05-11', '2024-01-02', NULL),
(238, 45, '2023-05-07', '2024-04-28', NULL),
(239, 99, '2023-05-08', '2024-05-02', NULL),
(240, 25, '2023-05-09', '2024-02-02', NULL),
(241, 97, '2023-05-10', '2024-02-20', NULL),
(243, 7, '2023-05-10', '2024-03-11', NULL),
(244, 51, '2023-05-10', '2024-02-28', NULL),
(245, 71, '2023-05-11', '2024-02-12', NULL),
(246, 39, '2023-05-10', '2024-04-16', NULL),
(247, 21, '2023-05-10', '2024-03-04', NULL),
(248, 24, '2023-05-10', '2024-03-24', NULL),
(249, 98, '2023-05-08', '2024-01-04', NULL),
(250, 22, '2023-05-09', '2024-03-19', NULL),
(251, 50, '2023-05-10', '2024-02-04', NULL),
(252, 92, '2023-05-11', '2024-02-26', NULL),
(253, 40, '2023-05-07', '2024-05-01', NULL),
(254, 48, '2023-05-09', '2024-05-06', NULL),
(255, 38, '2023-05-07', '2024-02-05', NULL),
(256, 82, '2023-05-09', '2024-04-07', NULL),
(257, 85, '2023-05-11', '2024-03-07', NULL),
(258, 71, '2023-05-10', '2024-03-06', NULL),
(259, 15, '2023-05-09', '2024-04-14', NULL),
(260, 18, '2023-05-09', '2024-03-14', NULL),
(261, 31, '2023-05-08', '2024-03-23', NULL),
(262, 42, '2023-05-09', '2024-03-11', NULL),
(263, 22, '2023-05-08', '2024-03-28', NULL),
(264, 87, '2023-05-07', '2024-02-25', NULL),
(265, 80, '2023-05-10', '2024-02-15', NULL),
(266, 25, '2023-05-11', '2024-03-14', NULL),
(267, 33, '2023-05-11', '2024-04-20', NULL),
(268, 75, '2023-05-09', '2024-03-03', NULL),
(269, 74, '2023-05-08', '2024-01-04', NULL),
(270, 17, '2023-05-10', '2024-01-19', NULL),
(271, 66, '2023-05-07', '2024-03-01', NULL),
(272, 30, '2023-05-09', '2024-01-11', NULL),
(274, 74, '2023-05-07', '2024-02-02', NULL),
(275, 59, '2023-05-08', '2024-03-04', NULL),
(276, 33, '2023-05-10', '2024-03-24', NULL),
(277, 83, '2023-05-07', '2024-01-29', NULL),
(278, 74, '2023-05-10', '2024-03-18', NULL),
(279, 42, '2023-05-09', '2024-02-04', NULL),
(280, 19, '2023-05-07', '2024-04-25', NULL),
(281, 88, '2023-05-10', '2024-02-20', NULL),
(282, 36, '2023-05-07', '2024-01-27', NULL),
(283, 72, '2023-05-08', '2024-01-16', NULL),
(284, 20, '2023-05-09', '2024-04-25', NULL),
(285, 19, '2023-05-08', '2024-04-11', NULL),
(286, 49, '2023-05-08', '2024-05-02', NULL),
(287, 49, '2023-05-09', '2024-01-12', NULL),
(288, 94, '2023-05-07', '2024-02-22', NULL),
(289, 50, '2023-05-10', '2024-03-07', NULL),
(290, 42, '2023-05-11', '2024-01-24', NULL),
(291, 96, '2023-05-08', '2024-01-09', NULL),
(292, 94, '2023-05-09', '2024-04-26', NULL),
(293, 27, '2023-05-09', '2024-02-04', NULL),
(294, 93, '2023-05-07', '2024-02-27', NULL),
(295, 35, '2023-05-07', '2024-03-14', NULL),
(297, 30, '2023-05-10', '2024-01-23', NULL),
(298, 76, '2023-05-07', '2024-04-21', NULL),
(299, 35, '2023-05-08', '2024-02-05', NULL),
(300, 12, '2023-05-11', '2024-01-17', NULL),
(301, 55, '2023-05-09', '2024-01-05', NULL),
(302, 6, '2023-05-11', '2024-01-07', NULL),
(303, 67, '2023-05-11', '2024-03-08', NULL),
(304, 46, '2023-05-08', '2024-02-08', NULL),
(305, 15, '2023-05-11', '2024-01-06', NULL),
(306, 38, '2023-05-10', '2024-02-28', NULL),
(307, 82, '2023-05-10', '2024-03-23', NULL),
(309, 77, '2023-05-07', '2024-02-09', NULL),
(310, 9, '2023-05-11', '2024-03-14', NULL),
(311, 25, '2023-05-09', '2024-04-20', NULL),
(312, 65, '2023-05-11', '2024-04-04', NULL),
(313, 40, '2023-05-07', '2024-04-20', NULL),
(314, 46, '2023-05-09', '2024-03-10', NULL),
(315, 55, '2023-05-11', '2024-02-15', NULL),
(316, 18, '2023-05-07', '2024-04-09', NULL),
(317, 88, '2023-05-08', '2024-02-22', NULL),
(319, 25, '2023-05-08', '2024-03-09', NULL),
(320, 41, '2023-05-09', '2024-01-06', NULL),
(321, 28, '2023-05-08', '2024-04-03', NULL),
(323, 49, '2023-05-10', '2024-04-25', NULL),
(324, 40, '2023-05-08', '2024-04-07', NULL),
(326, 66, '2023-05-07', '2024-03-20', NULL),
(327, 63, '2023-05-09', '2024-04-01', NULL),
(328, 47, '2023-05-08', '2024-02-25', NULL),
(329, 49, '2023-05-10', '2024-04-19', NULL),
(330, 28, '2023-05-09', '2024-03-08', NULL),
(331, 17, '2023-05-11', '2024-03-18', NULL),
(332, 17, '2023-05-07', '2024-03-16', NULL),
(333, 15, '2023-05-11', '2024-03-16', NULL),
(334, 50, '2023-05-11', '2024-04-04', NULL),
(335, 90, '2023-05-11', '2024-03-25', NULL),
(336, 30, '2023-05-08', '2024-03-28', NULL),
(337, 58, '2023-05-09', '2024-04-09', NULL),
(338, 67, '2023-05-07', '2024-03-21', NULL),
(339, 21, '2023-05-09', '2024-01-24', NULL),
(340, 53, '2023-05-07', '2024-05-02', NULL),
(341, 61, '2023-05-07', '2024-02-06', NULL),
(342, 59, '2023-05-09', '2024-02-27', NULL),
(343, 18, '2023-05-09', '2024-01-09', NULL),
(344, 63, '2023-05-08', '2024-03-07', NULL),
(345, 62, '2023-05-10', '2024-03-28', NULL),
(346, 53, '2023-05-11', '2024-04-29', NULL),
(347, 93, '2023-05-09', '2024-04-01', NULL),
(348, 52, '2023-05-08', '2024-02-23', NULL),
(349, 53, '2023-05-08', '2024-04-26', NULL),
(350, 85, '2023-05-07', '2024-01-09', NULL),
(351, 28, '2023-05-08', '2024-03-22', NULL),
(352, 6, '2023-05-09', '2024-02-26', NULL),
(353, 66, '2023-05-11', '2024-04-20', NULL),
(354, 30, '2023-05-11', '2024-03-18', NULL),
(355, 53, '2023-05-08', '2024-04-28', NULL),
(356, 90, '2023-05-07', '2024-01-10', NULL),
(357, 66, '2023-05-11', '2024-04-26', NULL),
(358, 5, '2023-05-09', '2024-03-16', NULL),
(359, 100, '2023-05-08', '2024-04-30', NULL),
(360, 39, '2023-05-08', '2024-04-16', NULL),
(361, 5, '2023-05-08', '2024-02-25', NULL),
(362, 77, '2023-05-09', '2024-01-30', NULL),
(363, 29, '2023-05-09', '2024-02-03', NULL),
(364, 41, '2023-05-08', '2024-02-24', NULL),
(365, 75, '2023-05-07', '2024-02-14', NULL),
(366, 79, '2023-05-08', '2024-04-20', NULL),
(367, 61, '2023-05-09', '2024-02-10', NULL),
(368, 43, '2023-05-07', '2024-04-01', NULL),
(369, 42, '2023-05-08', '2024-03-30', NULL),
(370, 51, '2023-05-08', '2024-03-02', NULL),
(371, 85, '2023-05-08', '2024-03-22', NULL),
(372, 23, '2023-05-11', '2024-05-01', NULL),
(373, 26, '2023-05-09', '2024-03-18', NULL),
(374, 4, '2023-05-09', '2024-03-05', NULL),
(375, 94, '2023-05-11', '2024-02-14', NULL),
(376, 72, '2023-05-10', '2024-05-02', NULL),
(377, 11, '2023-05-09', '2024-03-26', NULL),
(378, 55, '2023-05-09', '2024-02-15', NULL),
(379, 61, '2023-05-07', '2024-02-28', NULL),
(380, 76, '2023-05-10', '2024-03-09', NULL),
(381, 55, '2023-05-08', '2024-01-21', NULL),
(382, 64, '2023-05-08', '2024-03-01', NULL),
(383, 64, '2023-05-09', '2024-03-06', NULL),
(384, 49, '2023-05-10', '2024-02-28', NULL),
(385, 3, '2023-05-07', '2024-01-14', NULL),
(386, 63, '2023-05-10', '2024-04-26', NULL),
(387, 18, '2023-05-09', '2024-04-08', NULL),
(388, 4, '2023-05-08', '2024-04-06', NULL),
(389, 37, '2023-05-11', '2024-04-29', NULL),
(390, 66, '2023-05-10', '2024-03-24', NULL),
(391, 54, '2023-05-09', '2024-04-22', NULL),
(392, 84, '2023-05-11', '2024-01-31', NULL),
(393, 16, '2023-05-08', '2024-04-13', NULL),
(394, 79, '2023-05-11', '2024-01-30', NULL),
(395, 52, '2023-05-07', '2024-04-29', NULL),
(396, 47, '2023-05-07', '2024-02-18', NULL),
(397, 8, '2023-05-11', '2024-04-15', NULL),
(398, 95, '2023-05-09', '2024-03-07', NULL),
(399, 26, '2023-05-11', '2024-05-01', NULL),
(400, 36, '2023-05-08', '2024-03-19', NULL),
(401, 14, '2023-05-08', '2024-03-24', NULL),
(402, 3, '2023-05-09', '2024-02-28', NULL),
(403, 83, '2023-05-10', '2024-04-14', NULL),
(404, 70, '2023-05-10', '2024-01-04', NULL),
(405, 44, '2023-05-07', '2024-01-21', NULL),
(406, 71, '2023-05-07', '2024-01-24', NULL),
(407, 63, '2023-05-10', '2024-01-10', NULL),
(408, 25, '2023-05-11', '2024-03-11', NULL),
(409, 11, '2023-05-07', '2024-02-19', NULL),
(410, 8, '2023-05-08', '2024-04-08', NULL),
(411, 85, '2023-05-09', '2024-03-02', NULL),
(412, 51, '2023-05-08', '2024-02-15', NULL),
(413, 41, '2023-05-08', '2024-03-14', NULL),
(414, 87, '2023-05-09', '2024-02-04', NULL),
(415, 96, '2023-05-07', '2024-04-12', NULL),
(416, 48, '2023-05-07', '2024-02-11', NULL),
(417, 59, '2023-05-10', '2024-03-02', NULL),
(418, 25, '2023-05-08', '2024-04-22', NULL),
(419, 54, '2023-05-08', '2024-04-08', NULL),
(420, 59, '2023-05-07', '2024-04-12', NULL),
(421, 6, '2023-05-07', '2024-03-29', NULL),
(422, 22, '2023-05-09', '2024-03-27', NULL),
(423, 37, '2023-05-08', '2024-04-26', NULL),
(424, 20, '2023-05-07', '2024-04-07', NULL),
(425, 36, '2023-05-10', '2024-04-05', NULL),
(426, 90, '2023-05-09', '2024-03-12', NULL),
(427, 100, '2023-05-11', '2024-03-04', NULL),
(428, 3, '2023-05-08', '2024-01-03', NULL),
(429, 61, '2023-05-11', '2024-01-17', NULL),
(430, 72, '2023-05-07', '2024-04-21', NULL),
(431, 48, '2023-05-08', '2024-04-09', NULL),
(432, 75, '2023-05-10', '2024-03-09', NULL),
(433, 13, '2023-05-08', '2024-01-10', NULL),
(434, 27, '2023-05-09', '2024-02-13', NULL),
(435, 80, '2023-05-09', '2024-01-24', NULL),
(436, 37, '2023-05-11', '2024-03-09', NULL),
(437, 56, '2023-05-11', '2024-04-08', NULL),
(438, 39, '2023-05-07', '2024-02-07', NULL),
(439, 7, '2023-05-11', '2024-01-17', NULL),
(440, 61, '2023-05-11', '2024-03-14', NULL),
(441, 32, '2023-05-11', '2024-04-23', NULL),
(442, 80, '2023-05-09', '2024-02-12', NULL),
(443, 52, '2023-05-09', '2024-03-28', NULL),
(444, 15, '2023-05-07', '2024-03-15', NULL),
(446, 41, '2023-05-11', '2024-03-08', NULL),
(447, 9, '2023-05-10', '2024-01-09', NULL),
(448, 18, '2023-05-08', '2024-03-31', NULL),
(449, 59, '2023-05-07', '2024-01-02', NULL),
(450, 25, '2023-05-11', '2024-04-04', NULL),
(451, 29, '2023-05-11', '2024-01-25', NULL),
(452, 87, '2023-05-07', '2024-01-17', NULL),
(453, 35, '2023-05-10', '2024-02-14', NULL),
(454, 68, '2023-05-11', '2024-03-27', NULL),
(455, 66, '2023-05-07', '2024-04-24', NULL),
(456, 8, '2023-05-08', '2024-03-30', NULL),
(457, 7, '2023-05-07', '2024-04-14', NULL),
(458, 97, '2023-05-09', '2024-03-20', NULL),
(459, 100, '2023-05-10', '2024-01-12', NULL),
(460, 51, '2023-05-07', '2024-01-10', NULL),
(461, 75, '2023-05-09', '2024-03-22', NULL),
(462, 4, '2023-05-08', '2024-01-12', NULL),
(463, 51, '2023-05-07', '2024-04-09', NULL),
(464, 15, '2023-05-09', '2024-03-09', NULL),
(465, 75, '2023-05-09', '2024-03-09', NULL),
(466, 53, '2023-05-09', '2024-02-11', NULL),
(467, 35, '2023-05-11', '2024-04-17', NULL),
(468, 17, '2023-05-10', '2024-01-04', NULL),
(469, 86, '2023-05-08', '2024-01-30', NULL),
(470, 28, '2023-05-08', '2024-02-25', NULL),
(471, 60, '2023-05-11', '2024-01-21', NULL),
(472, 69, '2023-05-07', '2024-01-10', NULL),
(473, 26, '2023-05-07', '2024-02-03', NULL),
(474, 80, '2023-05-10', '2024-01-19', NULL),
(475, 33, '2023-05-07', '2024-02-26', NULL),
(476, 39, '2023-05-11', '2024-01-07', NULL),
(477, 81, '2023-05-09', '2024-05-03', NULL),
(478, 46, '2023-05-08', '2024-04-10', NULL),
(479, 97, '2023-05-10', '2024-01-03', NULL),
(480, 23, '2023-05-07', '2024-04-23', NULL),
(481, 98, '2023-05-11', '2024-02-08', NULL),
(482, 8, '2023-05-07', '2024-02-23', NULL),
(483, 70, '2023-05-10', '2024-05-06', NULL),
(484, 37, '2023-05-11', '2024-04-24', NULL),
(485, 24, '2023-05-09', '2024-04-29', NULL),
(486, 67, '2023-05-10', '2024-02-05', NULL),
(487, 76, '2023-05-07', '2024-04-28', NULL),
(488, 99, '2023-05-10', '2024-01-06', NULL),
(489, 64, '2023-05-08', '2024-02-23', NULL),
(490, 40, '2023-05-08', '2024-04-16', NULL),
(491, 33, '2023-05-07', '2024-03-02', NULL),
(492, 78, '2023-05-09', '2024-02-17', NULL),
(493, 53, '2023-05-08', '2024-02-23', NULL),
(494, 44, '2023-05-10', '2024-05-01', NULL),
(495, 76, '2023-05-09', '2024-03-28', NULL),
(496, 33, '2023-05-10', '2024-02-07', NULL),
(497, 6, '2023-05-10', '2024-01-22', NULL),
(498, 55, '2023-05-11', '2024-03-04', NULL),
(499, 89, '2023-05-11', '2024-02-22', NULL),
(500, 2, '2023-05-07', '2024-03-30', NULL),
(501, 53, '2023-05-10', '2024-03-21', NULL),
(502, 93, '2023-05-11', '2024-02-20', NULL),
(503, 40, '2023-05-08', '2024-01-21', NULL),
(504, 44, '2023-05-08', '2024-02-07', NULL),
(505, 48, '2023-05-07', '2024-02-06', NULL),
(506, 87, '2023-05-10', '2024-03-22', NULL),
(507, 28, '2023-05-11', '2024-04-20', NULL),
(508, 12, '2023-05-10', '2024-02-12', NULL),
(509, 99, '2023-05-09', '2024-02-15', NULL),
(510, 45, '2023-05-11', '2024-01-26', NULL),
(511, 89, '2023-05-10', '2024-04-23', NULL),
(512, 59, '2023-05-11', '2024-03-15', NULL),
(513, 76, '2023-05-09', '2024-03-11', NULL),
(514, 58, '2023-05-11', '2024-03-09', NULL),
(515, 70, '2023-05-10', '2024-01-01', NULL),
(516, 59, '2023-05-09', '2024-02-01', NULL),
(517, 89, '2023-05-10', '2024-01-09', NULL),
(518, 65, '2023-05-07', '2024-03-12', NULL),
(519, 59, '2023-05-09', '2024-02-24', NULL),
(520, 19, '2023-05-08', '2024-03-18', NULL),
(521, 74, '2023-05-07', '2024-02-08', NULL),
(522, 99, '2023-05-10', '2024-02-26', NULL),
(523, 85, '2023-05-09', '2024-04-22', NULL),
(524, 34, '2023-05-11', '2024-01-20', NULL),
(525, 25, '2023-05-10', '2024-02-11', NULL),
(526, 36, '2023-05-07', '2024-02-23', NULL),
(527, 48, '2023-05-08', '2024-05-05', NULL),
(528, 93, '2023-05-11', '2024-03-25', NULL),
(529, 97, '2023-05-07', '2024-04-22', NULL),
(530, 19, '2023-05-11', '2024-03-05', NULL),
(531, 82, '2023-05-07', '2024-03-17', NULL),
(532, 75, '2023-05-11', '2024-03-24', NULL),
(533, 58, '2023-05-09', '2024-02-03', NULL),
(534, 37, '2023-05-11', '2024-01-26', NULL),
(535, 72, '2023-05-07', '2024-02-09', NULL),
(536, 57, '2023-05-07', '2024-04-05', NULL),
(537, 47, '2023-05-08', '2024-04-13', NULL),
(538, 40, '2023-05-11', '2024-03-20', NULL),
(539, 22, '2023-05-07', '2024-03-28', NULL),
(540, 99, '2023-05-07', '2024-03-10', NULL),
(541, 88, '2023-05-09', '2024-02-16', NULL),
(542, 26, '2023-05-09', '2024-03-15', NULL),
(543, 85, '2023-05-09', '2024-04-09', NULL),
(544, 91, '2023-05-07', '2024-03-31', NULL),
(545, 18, '2023-05-11', '2024-05-05', NULL),
(546, 7, '2023-05-09', '2024-04-16', NULL),
(547, 72, '2023-05-10', '2024-03-05', NULL),
(548, 2, '2023-05-08', '2024-01-26', NULL),
(549, 8, '2023-05-07', '2024-04-26', NULL),
(550, 17, '2023-05-09', '2024-02-18', NULL),
(551, 6, '2023-05-09', '2024-01-09', NULL),
(552, 51, '2023-05-11', '2024-03-15', NULL),
(553, 66, '2023-05-07', '2024-04-10', NULL),
(554, 78, '2023-05-09', '2024-01-23', NULL),
(555, 14, '2023-05-08', '2024-02-26', NULL),
(556, 21, '2023-05-09', '2024-01-18', NULL),
(557, 34, '2023-05-08', '2024-01-13', NULL),
(558, 46, '2023-05-09', '2024-04-29', NULL),
(559, 55, '2023-05-10', '2024-04-30', NULL),
(560, 94, '2023-05-11', '2024-01-01', NULL),
(561, 90, '2023-05-09', '2024-02-27', NULL),
(562, 25, '2023-05-08', '2024-04-06', NULL),
(563, 82, '2023-05-08', '2024-02-15', NULL),
(564, 19, '2023-05-10', '2024-01-17', NULL),
(565, 50, '2023-05-11', '2024-03-31', NULL),
(566, 6, '2023-05-09', '2024-01-13', NULL),
(567, 5, '2023-05-11', '2024-01-10', NULL),
(568, 76, '2023-05-09', '2024-04-24', NULL),
(569, 79, '2023-05-11', '2024-02-15', NULL),
(570, 21, '2023-05-09', '2024-01-08', NULL),
(571, 98, '2023-05-07', '2024-02-20', NULL),
(572, 38, '2023-05-07', '2024-04-06', NULL),
(573, 4, '2023-05-10', '2024-02-11', NULL),
(574, 13, '2023-05-09', '2024-02-12', NULL),
(575, 61, '2023-05-07', '2024-01-19', NULL),
(576, 65, '2023-05-10', '2024-04-06', NULL),
(577, 5, '2023-05-10', '2024-04-25', NULL),
(578, 32, '2023-05-11', '2024-04-24', NULL),
(579, 83, '2023-05-08', '2024-01-27', NULL),
(580, 20, '2023-05-11', '2024-03-31', NULL),
(581, 94, '2023-05-10', '2024-04-28', NULL),
(582, 14, '2023-05-08', '2024-02-21', NULL),
(583, 20, '2023-05-09', '2024-01-07', NULL),
(584, 81, '2023-05-10', '2024-01-16', NULL),
(585, 39, '2023-05-11', '2024-04-10', NULL),
(587, 58, '2023-05-08', '2024-02-25', NULL),
(588, 41, '2023-05-10', '2024-02-19', NULL),
(589, 42, '2023-05-09', '2024-04-02', NULL),
(590, 63, '2023-05-09', '2024-03-26', NULL),
(591, 65, '2023-05-09', '2024-01-05', NULL),
(592, 72, '2023-05-08', '2024-03-03', NULL),
(593, 89, '2023-05-07', '2024-03-30', NULL),
(594, 24, '2023-05-10', '2024-02-23', NULL),
(595, 82, '2023-05-08', '2024-02-10', NULL),
(596, 15, '2023-05-11', '2024-03-25', NULL),
(597, 79, '2023-05-10', '2024-03-05', NULL),
(598, 47, '2023-05-08', '2024-04-25', NULL),
(599, 17, '2023-05-09', '2024-03-12', NULL),
(600, 45, '2023-05-07', '2024-02-17', NULL),
(601, 24, '2023-05-07', '2024-01-10', NULL),
(602, 2, '2023-05-09', '2024-02-15', NULL),
(603, 63, '2023-05-10', '2024-03-24', NULL),
(604, 100, '2023-05-07', '2024-05-02', NULL),
(605, 49, '2023-05-10', '2024-01-04', NULL),
(606, 84, '2023-05-07', '2024-03-01', NULL),
(607, 28, '2023-05-09', '2024-04-19', NULL),
(608, 21, '2023-05-11', '2024-01-22', NULL),
(609, 73, '2023-05-11', '2024-04-23', NULL),
(610, 7, '2023-05-10', '2024-02-28', NULL),
(611, 79, '2023-05-07', '2024-04-16', NULL),
(612, 95, '2023-05-10', '2024-03-01', NULL),
(613, 30, '2023-05-10', '2024-03-25', NULL),
(614, 36, '2023-05-11', '2024-04-29', NULL),
(615, 69, '2023-05-11', '2024-02-02', NULL),
(616, 44, '2023-05-07', '2024-03-30', NULL),
(617, 20, '2023-05-10', '2024-03-13', NULL),
(618, 45, '2023-05-08', '2024-01-11', NULL),
(619, 95, '2023-05-09', '2024-02-12', NULL),
(620, 8, '2023-05-07', '2024-01-26', NULL),
(621, 61, '2023-05-09', '2024-02-14', NULL),
(622, 64, '2023-05-08', '2024-02-22', NULL),
(623, 87, '2023-05-11', '2024-02-06', NULL),
(624, 13, '2023-05-07', '2024-04-21', NULL),
(625, 82, '2023-05-10', '2024-01-29', NULL),
(626, 79, '2023-05-11', '2024-02-07', NULL),
(627, 23, '2023-05-08', '2024-02-05', NULL),
(628, 40, '2023-05-11', '2024-03-03', NULL),
(629, 59, '2023-05-08', '2024-04-26', NULL),
(630, 25, '2023-05-11', '2024-01-15', NULL),
(631, 17, '2023-05-09', '2024-04-20', NULL),
(632, 69, '2023-05-11', '2024-04-01', NULL),
(633, 66, '2023-05-09', '2024-01-11', NULL),
(634, 37, '2023-05-07', '2024-03-16', NULL),
(635, 57, '2023-05-10', '2024-01-15', NULL),
(636, 42, '2023-05-11', '2024-01-14', NULL),
(637, 2, '2023-05-11', '2024-04-10', NULL),
(638, 31, '2023-05-09', '2024-04-22', NULL),
(639, 7, '2023-05-08', '2024-02-12', NULL),
(640, 65, '2023-05-07', '2024-02-15', NULL),
(641, 65, '2023-05-07', '2024-01-22', NULL),
(642, 18, '2023-05-08', '2024-01-25', NULL),
(643, 100, '2023-05-11', '2024-05-03', NULL),
(644, 2, '2023-05-11', '2024-04-04', NULL),
(645, 42, '2023-05-11', '2024-05-04', NULL),
(646, 41, '2023-05-07', '2024-02-05', NULL),
(647, 21, '2023-05-07', '2024-02-25', NULL),
(648, 87, '2023-05-10', '2024-04-22', NULL),
(649, 97, '2023-05-08', '2024-02-02', NULL),
(650, 25, '2023-05-10', '2024-03-24', NULL),
(651, 39, '2023-05-11', '2024-03-04', NULL),
(652, 12, '2023-05-09', '2024-02-10', NULL),
(653, 28, '2023-05-09', '2024-02-17', NULL),
(654, 16, '2023-05-09', '2024-04-21', NULL),
(655, 93, '2023-05-11', '2024-03-31', NULL),
(656, 36, '2023-05-09', '2024-04-29', NULL),
(657, 5, '2023-05-11', '2024-02-04', NULL),
(658, 61, '2023-05-11', '2024-01-12', NULL),
(659, 14, '2023-05-07', '2024-02-10', NULL),
(660, 42, '2023-05-07', '2024-03-31', NULL),
(661, 54, '2023-05-11', '2024-01-26', NULL),
(662, 90, '2023-05-10', '2024-01-11', NULL),
(664, 66, '2023-05-08', '2024-02-04', NULL),
(665, 3, '2023-05-09', '2024-03-07', NULL),
(666, 98, '2023-05-09', '2024-01-22', NULL),
(668, 35, '2023-05-08', '2024-03-31', NULL),
(669, 68, '2023-05-11', '2024-01-11', NULL),
(670, 82, '2023-05-08', '2024-03-13', NULL),
(671, 22, '2023-05-11', '2024-04-16', NULL),
(672, 92, '2023-05-10', '2024-02-27', NULL),
(673, 40, '2023-05-07', '2024-03-16', NULL),
(674, 32, '2023-05-10', '2024-03-21', NULL),
(675, 80, '2023-05-10', '2024-01-02', NULL),
(676, 62, '2023-05-08', '2024-03-20', NULL),
(677, 30, '2023-05-07', '2024-03-11', NULL),
(678, 59, '2023-05-11', '2024-01-06', NULL),
(679, 67, '2023-05-07', '2024-03-06', NULL),
(680, 82, '2023-05-08', '2024-01-08', NULL),
(681, 56, '2023-05-07', '2024-05-03', NULL),
(682, 42, '2023-05-10', '2024-02-21', NULL),
(683, 86, '2023-05-09', '2024-04-08', NULL),
(684, 78, '2023-05-07', '2024-02-15', NULL),
(685, 35, '2023-05-11', '2024-02-28', NULL),
(686, 54, '2023-05-08', '2024-03-13', NULL),
(687, 91, '2023-05-08', '2024-03-16', NULL),
(688, 84, '2023-05-10', '2024-02-11', NULL),
(689, 62, '2023-05-10', '2024-01-07', NULL),
(690, 70, '2023-05-08', '2024-02-28', NULL),
(691, 55, '2023-05-10', '2024-03-15', NULL),
(692, 89, '2023-05-09', '2024-03-17', NULL),
(694, 40, '2023-05-10', '2024-02-01', NULL),
(695, 35, '2023-05-10', '2024-02-01', NULL),
(696, 4, '2023-05-10', '2024-03-24', NULL),
(697, 21, '2023-05-08', '2024-01-20', NULL),
(698, 48, '2023-05-11', '2024-02-04', NULL),
(699, 91, '2023-05-08', '2024-03-03', NULL),
(700, 25, '2023-05-09', '2024-02-09', NULL),
(702, 49, '2023-05-08', '2024-01-21', NULL),
(703, 32, '2023-05-10', '2024-01-03', NULL),
(704, 95, '2023-05-07', '2024-04-07', NULL),
(705, 72, '2023-05-07', '2024-01-18', NULL),
(706, 21, '2023-05-08', '2024-04-09', NULL),
(707, 13, '2023-05-09', '2024-02-28', NULL),
(708, 39, '2023-05-11', '2024-01-18', NULL),
(709, 68, '2023-05-07', '2024-01-03', NULL),
(710, 22, '2023-05-08', '2024-01-22', NULL),
(711, 48, '2023-05-08', '2024-02-14', NULL),
(712, 62, '2023-05-08', '2024-01-25', NULL),
(713, 66, '2023-05-09', '2024-04-01', NULL),
(714, 45, '2023-05-08', '2024-05-01', NULL),
(715, 61, '2023-05-09', '2024-01-22', NULL),
(716, 49, '2023-05-08', '2024-04-19', NULL),
(717, 26, '2023-05-11', '2024-04-21', NULL),
(718, 55, '2023-05-07', '2024-03-15', NULL),
(719, 78, '2023-05-08', '2024-01-17', NULL),
(720, 62, '2023-05-10', '2024-04-20', NULL),
(721, 78, '2023-05-08', '2024-01-31', NULL),
(722, 53, '2023-05-08', '2024-02-09', NULL),
(723, 94, '2023-05-10', '2024-02-27', NULL),
(724, 53, '2023-05-09', '2024-02-14', NULL),
(725, 36, '2023-05-08', '2024-01-12', NULL),
(726, 55, '2023-05-11', '2024-03-10', NULL),
(727, 97, '2023-05-09', '2024-03-13', NULL),
(728, 49, '2023-05-08', '2024-01-18', NULL),
(729, 90, '2023-05-09', '2024-01-21', NULL),
(730, 30, '2023-05-10', '2024-01-30', NULL),
(731, 7, '2023-05-07', '2024-03-30', NULL),
(732, 56, '2023-05-08', '2024-04-24', NULL),
(733, 49, '2023-05-08', '2024-01-26', NULL),
(734, 9, '2023-05-10', '2024-04-02', NULL),
(735, 24, '2023-05-11', '2024-04-04', NULL),
(736, 18, '2023-05-10', '2024-04-05', NULL),
(737, 24, '2023-05-09', '2024-02-16', NULL),
(738, 90, '2023-05-09', '2024-05-01', NULL),
(739, 30, '2023-05-11', '2024-01-06', NULL),
(740, 6, '2023-05-08', '2024-03-13', NULL),
(741, 95, '2023-05-11', '2024-03-03', NULL),
(742, 8, '2023-05-09', '2024-02-26', NULL),
(743, 9, '2023-05-09', '2024-04-10', NULL),
(744, 46, '2023-05-07', '2024-03-19', NULL),
(745, 75, '2023-05-08', '2024-02-08', NULL),
(746, 76, '2023-05-07', '2024-04-09', NULL),
(747, 34, '2023-05-09', '2024-03-26', NULL),
(748, 24, '2023-05-11', '2024-02-15', NULL),
(749, 49, '2023-05-10', '2024-03-15', NULL),
(750, 93, '2023-05-11', '2024-02-08', NULL),
(751, 88, '2023-05-10', '2024-04-15', NULL),
(752, 21, '2023-05-10', '2024-04-24', NULL),
(753, 48, '2023-05-08', '2024-05-04', NULL),
(754, 28, '2023-05-07', '2024-03-17', NULL),
(755, 20, '2023-05-07', '2024-03-29', NULL),
(756, 40, '2023-05-10', '2024-03-02', NULL),
(757, 79, '2023-05-08', '2024-01-25', NULL),
(758, 37, '2023-05-09', '2024-01-25', NULL),
(760, 12, '2023-05-11', '2024-01-25', NULL),
(761, 3, '2023-05-08', '2024-03-02', NULL),
(762, 48, '2023-05-08', '2024-03-28', NULL),
(763, 70, '2023-05-07', '2024-05-01', NULL),
(764, 98, '2023-05-10', '2024-02-04', NULL),
(765, 2, '2023-05-07', '2024-04-25', NULL),
(766, 46, '2023-05-11', '2024-01-13', NULL),
(767, 81, '2023-05-11', '2024-03-25', NULL),
(768, 65, '2023-05-07', '2024-02-13', NULL),
(769, 65, '2023-05-11', '2024-02-20', NULL),
(770, 14, '2023-05-07', '2024-04-08', NULL),
(771, 18, '2023-05-08', '2024-03-20', NULL),
(772, 51, '2023-05-08', '2024-03-11', NULL),
(773, 90, '2023-05-11', '2024-01-20', NULL),
(774, 32, '2023-05-09', '2024-04-02', NULL),
(775, 52, '2023-05-10', '2024-02-16', NULL),
(777, 98, '2023-05-07', '2024-02-21', NULL),
(778, 99, '2023-05-08', '2024-03-24', NULL),
(779, 69, '2023-05-07', '2024-03-09', NULL),
(781, 4, '2023-05-11', '2024-01-08', NULL),
(782, 69, '2023-05-11', '2024-03-17', NULL),
(783, 78, '2023-05-11', '2024-03-10', NULL),
(784, 82, '2023-05-10', '2024-03-25', NULL),
(785, 87, '2023-05-10', '2024-02-21', NULL),
(786, 82, '2023-05-10', '2024-01-26', NULL),
(787, 76, '2023-05-09', '2024-04-06', NULL),
(788, 9, '2023-05-08', '2024-01-28', NULL),
(789, 49, '2023-05-11', '2024-03-10', NULL),
(790, 66, '2023-05-09', '2024-01-23', NULL),
(791, 84, '2023-05-11', '2024-02-04', NULL),
(792, 34, '2023-05-09', '2024-03-29', NULL),
(793, 35, '2023-05-09', '2024-03-03', NULL),
(794, 51, '2023-05-07', '2024-02-29', NULL),
(795, 50, '2023-05-10', '2024-01-14', NULL),
(796, 56, '2023-05-10', '2024-04-12', NULL),
(797, 28, '2023-05-07', '2024-04-27', NULL),
(798, 36, '2023-05-07', '2024-03-25', NULL),
(799, 22, '2023-05-09', '2024-02-25', NULL),
(800, 70, '2023-05-07', '2024-01-15', NULL),
(801, 24, '2023-05-07', '2024-04-09', NULL),
(802, 48, '2023-05-09', '2024-04-12', NULL),
(803, 22, '2023-05-11', '2024-01-15', NULL),
(804, 52, '2023-05-11', '2024-03-24', NULL),
(805, 91, '2023-05-10', '2024-02-13', NULL),
(806, 25, '2023-05-10', '2024-01-11', NULL),
(807, 82, '2023-05-10', '2024-02-07', NULL),
(808, 100, '2023-05-11', '2024-04-16', NULL),
(809, 45, '2023-05-11', '2024-02-28', NULL),
(810, 30, '2023-05-08', '2024-02-21', NULL),
(811, 51, '2023-05-07', '2024-03-08', NULL),
(812, 34, '2023-05-11', '2024-03-09', NULL),
(813, 37, '2023-05-10', '2024-01-30', NULL),
(814, 5, '2023-05-07', '2024-02-22', NULL),
(815, 70, '2023-05-09', '2024-03-24', NULL),
(816, 53, '2023-05-09', '2024-04-10', NULL),
(817, 13, '2023-05-09', '2024-04-20', NULL),
(818, 9, '2023-05-10', '2024-04-14', NULL),
(819, 32, '2023-05-08', '2024-03-08', NULL),
(820, 22, '2023-05-10', '2024-02-20', NULL),
(821, 28, '2023-05-11', '2024-02-02', NULL),
(822, 94, '2023-05-08', '2024-01-11', NULL),
(823, 99, '2023-05-10', '2024-04-23', NULL),
(824, 84, '2023-05-11', '2024-02-18', NULL),
(825, 13, '2023-05-09', '2024-04-06', NULL),
(826, 89, '2023-05-09', '2024-02-18', NULL),
(827, 41, '2023-05-10', '2024-01-18', NULL),
(828, 12, '2023-05-07', '2024-01-18', NULL),
(829, 63, '2023-05-07', '2024-01-21', NULL),
(830, 32, '2023-05-11', '2024-02-20', NULL),
(831, 2, '2023-05-11', '2024-03-07', NULL),
(832, 94, '2023-05-07', '2024-03-28', NULL),
(833, 57, '2023-05-10', '2024-02-02', NULL),
(834, 79, '2023-05-08', '2024-03-02', NULL),
(835, 48, '2023-05-10', '2024-02-15', NULL),
(836, 71, '2023-05-09', '2024-02-09', NULL),
(837, 93, '2023-05-08', '2024-04-30', NULL),
(838, 22, '2023-05-08', '2024-01-17', NULL),
(839, 94, '2023-05-08', '2024-03-28', NULL),
(840, 80, '2023-05-08', '2024-04-08', NULL),
(841, 74, '2023-05-10', '2024-01-30', NULL),
(842, 39, '2023-05-07', '2024-04-02', NULL),
(843, 34, '2023-05-07', '2024-03-08', NULL),
(844, 42, '2023-05-10', '2024-04-09', NULL),
(845, 45, '2023-05-08', '2024-04-23', NULL),
(846, 73, '2023-05-07', '2024-03-07', NULL),
(847, 27, '2023-05-11', '2024-03-09', NULL),
(848, 30, '2023-05-11', '2024-02-04', NULL),
(849, 48, '2023-05-09', '2024-04-17', NULL),
(851, 23, '2023-05-10', '2024-01-07', NULL),
(852, 55, '2023-05-07', '2024-01-25', NULL),
(853, 73, '2023-05-11', '2024-04-19', NULL),
(854, 100, '2023-05-09', '2024-03-04', NULL),
(855, 75, '2023-05-08', '2024-02-18', NULL),
(856, 33, '2023-05-09', '2024-03-15', NULL),
(857, 54, '2023-05-07', '2024-04-04', NULL),
(858, 7, '2023-05-08', '2024-04-20', NULL),
(859, 7, '2023-05-09', '2024-02-01', NULL),
(860, 45, '2023-05-10', '2024-01-19', NULL),
(861, 85, '2023-05-09', '2024-01-28', NULL),
(862, 50, '2023-05-11', '2024-01-16', NULL),
(863, 13, '2023-05-07', '2024-04-25', NULL),
(864, 90, '2023-05-09', '2024-04-30', NULL),
(865, 69, '2023-05-08', '2024-04-14', NULL),
(866, 47, '2023-05-11', '2024-04-16', NULL),
(867, 27, '2023-05-08', '2024-01-09', NULL),
(868, 40, '2023-05-11', '2024-01-20', NULL),
(869, 67, '2023-05-08', '2024-02-27', NULL),
(870, 86, '2023-05-10', '2024-05-05', NULL),
(871, 78, '2023-05-07', '2024-01-18', NULL),
(872, 81, '2023-05-08', '2024-03-10', NULL),
(873, 26, '2023-05-10', '2024-01-03', NULL),
(874, 72, '2023-05-08', '2024-03-06', NULL),
(875, 47, '2023-05-11', '2024-04-19', NULL),
(876, 27, '2023-05-10', '2024-04-05', NULL),
(877, 61, '2023-05-09', '2024-02-15', NULL),
(878, 16, '2023-05-07', '2024-04-11', NULL),
(879, 79, '2023-05-11', '2024-03-18', NULL),
(880, 37, '2023-05-10', '2024-01-13', NULL),
(881, 19, '2023-05-08', '2024-02-28', NULL),
(882, 83, '2023-05-09', '2024-02-12', NULL),
(883, 28, '2023-05-07', '2024-03-01', NULL),
(884, 17, '2023-05-10', '2024-02-09', NULL),
(885, 90, '2023-05-10', '2024-01-01', NULL),
(886, 15, '2023-05-08', '2024-02-27', NULL),
(887, 84, '2023-05-11', '2024-01-13', NULL),
(888, 42, '2023-05-09', '2024-01-27', NULL),
(889, 75, '2023-05-09', '2024-04-01', NULL),
(890, 86, '2023-05-08', '2024-04-20', NULL),
(891, 100, '2023-05-08', '2024-02-29', NULL),
(892, 24, '2023-05-11', '2024-02-07', NULL),
(893, 52, '2023-05-08', '2024-03-27', NULL),
(895, 30, '2023-05-09', '2024-03-01', NULL),
(896, 12, '2023-05-09', '2024-03-01', NULL),
(897, 61, '2023-05-08', '2024-01-15', NULL),
(898, 4, '2023-05-11', '2024-04-18', NULL),
(899, 63, '2023-05-11', '2024-03-11', NULL),
(900, 7, '2023-05-08', '2024-04-07', NULL),
(901, 38, '2023-05-09', '2024-01-28', NULL),
(902, 86, '2023-05-09', '2024-02-04', NULL),
(903, 36, '2023-05-08', '2024-04-30', NULL),
(904, 93, '2023-05-08', '2024-02-16', NULL),
(905, 81, '2023-05-11', '2024-01-12', NULL),
(906, 60, '2023-05-08', '2024-01-16', NULL),
(907, 74, '2023-05-07', '2024-04-26', NULL),
(908, 34, '2023-05-08', '2024-01-10', NULL),
(909, 30, '2023-05-10', '2024-04-22', NULL),
(910, 34, '2023-05-09', '2024-02-17', NULL),
(911, 3, '2023-05-11', '2024-01-13', NULL),
(912, 80, '2023-05-10', '2024-03-03', NULL),
(913, 18, '2023-05-09', '2024-04-13', NULL),
(914, 97, '2023-05-11', '2024-03-20', NULL),
(915, 92, '2023-05-08', '2024-02-26', NULL),
(916, 19, '2023-05-08', '2024-02-05', NULL),
(917, 58, '2023-05-07', '2024-03-11', NULL),
(918, 73, '2023-05-08', '2024-03-04', NULL),
(919, 77, '2023-05-11', '2024-03-28', NULL),
(920, 61, '2023-05-07', '2024-04-05', NULL),
(921, 96, '2023-05-08', '2024-01-03', NULL),
(922, 52, '2023-05-09', '2024-04-20', NULL),
(923, 78, '2023-05-10', '2024-01-08', NULL),
(924, 52, '2023-05-10', '2024-04-29', NULL),
(925, 69, '2023-05-11', '2024-03-13', NULL),
(926, 26, '2023-05-09', '2024-04-18', NULL),
(927, 59, '2023-05-10', '2024-02-13', NULL),
(928, 95, '2023-05-08', '2024-03-07', NULL),
(929, 39, '2023-05-07', '2024-03-25', NULL),
(930, 21, '2023-05-09', '2024-03-11', NULL),
(931, 60, '2023-05-11', '2024-01-19', NULL),
(932, 91, '2023-05-11', '2024-04-11', NULL),
(933, 44, '2023-05-07', '2024-02-12', NULL),
(934, 63, '2023-05-10', '2024-04-18', NULL),
(935, 28, '2023-05-08', '2024-01-19', NULL),
(936, 54, '2023-05-10', '2024-04-16', NULL),
(937, 40, '2023-05-08', '2024-03-29', NULL),
(938, 89, '2023-05-09', '2024-01-23', NULL),
(939, 50, '2023-05-11', '2024-01-20', NULL),
(940, 69, '2023-05-10', '2024-03-07', NULL),
(941, 17, '2023-05-09', '2024-02-08', NULL),
(942, 22, '2023-05-11', '2024-01-09', NULL),
(944, 59, '2023-05-11', '2024-01-22', NULL),
(945, 75, '2023-05-09', '2024-01-21', NULL),
(946, 27, '2023-05-07', '2024-02-24', NULL),
(947, 62, '2023-05-07', '2024-03-22', NULL),
(948, 8, '2023-05-10', '2024-01-03', NULL),
(949, 82, '2023-05-10', '2024-03-23', NULL),
(950, 28, '2023-05-11', '2024-04-01', NULL),
(951, 39, '2023-05-10', '2024-02-05', NULL),
(952, 8, '2023-05-07', '2024-01-21', NULL),
(953, 68, '2023-05-08', '2024-03-03', NULL),
(954, 95, '2023-05-07', '2024-02-03', NULL),
(955, 72, '2023-05-07', '2024-02-05', NULL),
(956, 69, '2023-05-07', '2024-01-19', NULL),
(957, 93, '2023-05-07', '2024-04-04', NULL),
(958, 30, '2023-05-10', '2024-02-21', NULL),
(959, 26, '2023-05-07', '2024-01-20', NULL),
(960, 17, '2023-05-10', '2024-02-23', NULL),
(962, 48, '2023-05-10', '2024-04-05', NULL),
(963, 99, '2023-05-09', '2024-04-06', NULL),
(964, 7, '2023-05-07', '2024-02-24', NULL),
(965, 79, '2023-05-11', '2024-01-05', NULL),
(966, 66, '2023-05-11', '2024-01-07', NULL),
(967, 53, '2023-05-07', '2024-04-13', NULL),
(968, 33, '2023-05-09', '2024-01-08', NULL),
(969, 87, '2023-05-10', '2024-02-22', NULL),
(970, 33, '2023-05-09', '2024-03-05', NULL),
(971, 70, '2023-05-09', '2024-01-16', NULL),
(972, 39, '2023-05-11', '2024-04-05', NULL),
(973, 66, '2023-05-07', '2024-01-21', NULL),
(974, 54, '2023-05-11', '2024-04-23', NULL),
(975, 96, '2023-05-11', '2024-01-02', NULL),
(976, 33, '2023-05-10', '2024-01-01', NULL),
(977, 41, '2023-05-11', '2024-03-11', NULL),
(978, 60, '2023-05-08', '2024-01-18', NULL),
(979, 3, '2023-05-08', '2024-04-27', NULL),
(980, 33, '2023-05-07', '2024-04-01', NULL),
(981, 87, '2023-05-09', '2024-02-23', NULL),
(982, 44, '2023-05-08', '2024-01-17', NULL),
(983, 5, '2023-05-07', '2024-03-08', 1),
(984, 77, '2023-05-09', '2024-05-06', NULL),
(985, 5, '2023-05-10', '2024-04-29', 1),
(986, 66, '2023-05-11', '2024-01-25', 2),
(987, 2, '2023-05-09', '2024-03-12', NULL),
(988, 90, '2023-05-10', '2024-01-07', 2),
(989, 19, '2023-05-08', '2024-01-17', 2),
(990, 23, '2023-05-08', '2024-04-27', NULL),
(991, 29, '2023-05-10', '2024-03-09', 2),
(992, 2, '2023-05-09', '2024-04-22', NULL),
(993, 70, '2023-05-08', '2024-01-21', 2),
(994, 17, '2023-05-09', '2024-02-25', NULL),
(995, 5, '2023-05-07', '2024-03-05', 1),
(996, 86, '2023-05-07', '2024-04-01', NULL),
(997, 21, '2023-05-08', '2024-02-24', NULL),
(998, 74, '2023-05-08', '2024-01-17', NULL),
(999, 5, '2023-05-10', '2024-04-10', 1),
(1000, 52, '2023-05-10', '2024-04-02', NULL),
(1001, 3, '2024-05-07', '2024-05-08', 2),
(1002, 3, '2024-05-07', '2024-05-08', NULL),
(1004, 6, '2024-05-16', '2024-05-26', 2),
(1005, 6, '2024-05-16', '2024-05-26', 2),
(1006, 11, '2024-06-01', '2024-06-21', 1);

-- 
-- Dumping data for table personal_access_tokens
--
INSERT INTO personal_access_tokens VALUES
(1, 'App\\Models\\User', 1, 'api_token', '6b1fbf034ff44eeef1c2c10bbf40f72971ce8912231aa2f7e1edf506bf26b75a', '["*"]', NULL, NULL, '2024-05-14 14:01:19', '2024-05-14 14:01:19'),
(4, 'App\\Models\\User', 1, 'api_token', '87a618124f4e76d3ce98c36b927c9f45d769eb5d79008cc7731b1d362d03db03', '["*"]', '2024-05-14 15:31:20', NULL, '2024-05-14 14:41:24', '2024-05-14 15:31:20'),
(5, 'App\\Models\\User', 2, 'api_token', '36b0f5d8714bf357d1049d962cb1c21ea9a686d331391963ce02bc6c0e66f30a', '["*"]', '2024-05-14 15:28:37', NULL, '2024-05-14 14:56:25', '2024-05-14 15:28:37'),
(6, 'App\\Models\\User', 1, 'api_token', 'bf72f824c0997d200dc163a27a9a7a896e00413e3ef9e292a8034e34db702704', '["*"]', NULL, NULL, '2024-05-21 13:19:07', '2024-05-21 13:19:07'),
(7, 'App\\Models\\User', 3, 'api_token', 'e1a9fe11d75f74c65352f7b82b4201843b795b393335cc1aae9a1c2dfe7830e6', '["*"]', NULL, NULL, '2024-05-21 13:58:23', '2024-05-21 13:58:23');

-- 
-- Dumping data for table password_reset_tokens
--
-- Table car_rental.password_reset_tokens does not contain any data (it is empty)

-- 
-- Dumping data for table migrations
--
INSERT INTO migrations VALUES
(1, '2014_10_12_000000_create_users_table', 1),
(2, '2014_10_12_100000_create_password_reset_tokens_table', 1),
(3, '2019_08_19_000000_create_failed_jobs_table', 1),
(4, '2019_12_14_000001_create_personal_access_tokens_table', 1);

-- 
-- Dumping data for table failed_jobs
--
-- Table car_rental.failed_jobs does not contain any data (it is empty)

-- 
-- Restore previous SQL mode
-- 
/*!40101 SET SQL_MODE=@OLD_SQL_MODE */;

-- 
-- Enable foreign keys
-- 
/*!40014 SET FOREIGN_KEY_CHECKS = @OLD_FOREIGN_KEY_CHECKS */;